state,park,parkcode,category,address,zipcode,phone
alabama,Birmingham Civil Rights,bicr,National Monument,"Birmingham, AL",35203,205-568-3963
alabama,Freedom Riders,frri,National Monument,"Anniston, AL",36202,(256) 237-3536
alabama,Horseshoe Bend,hobe,National Military Park,"Daviston, AL",36256,(256) 234-7111
alabama,Little River Canyon,liri,National Preserve,"Fort Payne, AL",35967,(256) 845-9605
alabama,Natchez Trace,natr,Parkway,"Tupelo, MS",38804,(800) 305-7417
alabama,Natchez Trace,natt,National Scenic Trail,"Tupelo, MS",38804,18003057417
alabama,Russell Cave,ruca,National Monument,"Bridgeport, AL",35740,(256) 495-2672
alabama,Selma To Montgomery,semo,National Historic Trail,"Hayneville, AL",36040,(334) 877-1983
alabama,Trail Of Tears,trte,National Historic Trail,"Santa Fe, NM",87505,(505) 988-6098
alabama,Tuskegee Airmen,tuai,National Historic Site,"Tuskegee, AL",36083,(334) 724-0922
alabama,Tuskegee Institute,tuin,National Historic Site,"Tuskegee Institute, AL",36088,(334) 727-3200
alaska,Alagnak,alag,Wild River,"King Salmon, AK",99613,(907) 246-3305
alaska,Alaska Public Lands,anch,,"Anchorage, AK",99501,(907) 644-3661
alaska,Aleutian Islands World War II,aleu,National Historic Area,"Anchorage, AK",99501,(907) 644-3472
alaska,Aniakchak,ania,National Monument & Preserve,"KIng Salmon, AK",99613,(907) 246-3305
alaska,Bering Land Bridge,bela,National Preserve,"Nome, AK",99762,(800) 471-2352
alaska,Cape Krusenstern,cakr,National Monument,"Kotzebue, AK",99752,(907) 442-3890
alaska,Denali,dena,National Park & Preserve,"Denali Park, AK",99755,(907) 683-9532
alaska,Gates Of The Arctic,gaar,National Park & Preserve,"Fairbanks, AK",99701,907-459-3730
alaska,Glacier Bay,glba,National Park & Preserve,"Gustavus, AK",99826,(907) 697-2230
alaska,Iñupiat Heritage Center,inup,,"Barrow, AK",99723,(907) 852-0422
alaska,Katmai,katm,National Park & Preserve,"King Salmon, AK",99613,(907) 246-3305
alaska,Kenai Fjords,kefj,National Park,"Seward, AK",99664,(907) 422-0500
alaska,Klondike Gold Rush,klgo,National Historical Park,"Skagway, AK",99840,(907) 983-9200
alaska,Kobuk Valley,kova,National Park,"Kotzebue, AK",99752,(907) 442-3890
alaska,Lake Clark,lacl,National Park & Preserve,"Port Alsworth, AK",99653,(907) 781-2218
alaska,Noatak,noat,National Preserve,"Kotzebue, AK",99752,(907) 442-3890
alaska,Sitka,sitk,National Historical Park,"Sitka, AK",99835,(907) 747-0110
alaska,Wrangell - St Elias,wrst,National Park & Preserve,"Copper Center, AK",99573,(907) 822-5234
alaska,Yukon - Charley Rivers,yuch,National Preserve,"Fairbanks, AK",99701,907-459-3730
american samoa,National Park of American Samoa,npsa,,"Pago Pago, AS",96799,(684) 633-7082
arizona,Canyon de Chelly,cach,National Monument,"Chinle, AZ",86503,(928) 674-5500
arizona,Casa Grande Ruins,cagr,National Monument,"Coolidge, AZ",85128,(520) 723-3172
arizona,Chiricahua,chir,National Monument,"Willcox, AZ",85643,(520) 824-3560
arizona,Coronado,coro,National Memorial,"Hereford, AZ",85615,(520) 366-5515
arizona,Fort Bowie,fobo,National Historic Site,"Bowie, AZ",85605,520-847-2500
arizona,Glen Canyon,glca,National Recreation Area,"Page, AZ",86040,(928) 608-6200
arizona,Grand Canyon,grca,National Park,"Grand Canyon, AZ",86023,928-638-7888
arizona,Grand Canyon-Parashant,para,National Monument,"St. George, UT",84790,(435) 688-3200
arizona,Hubbell Trading Post,hutr,National Historic Site,"Ganado, AZ",86505-0150,(928) 755-3475
arizona,Juan Bautista de Anza,juba,National Historic Trail,"Richmond, CA",94804,(510) 232-5050
arizona,Lake Mead,lake,National Recreation Area,"Boulder City, NV",89005,(702) 293-8990
arizona,Montezuma Castle,moca,National Monument,"Camp Verde, AZ",86322,(928) 567-3322
arizona,Navajo,nava,National Monument,"Shonto, AZ",86045,(928) 672-2700
arizona,Old Spanish,olsp,National Historic Trail,"Santa Fe, NM",87505,(505) 988-6098
arizona,Organ Pipe Cactus,orpi,National Monument,"Ajo, AZ",85321,(520) 387-6849
arizona,Petrified Forest,pefo,National Park,"Petrified Forest, AZ",86028,(928) 524-6228
arizona,Pipe Spring,pisp,National Monument,"Fredonia, AZ",86022,(928) 643-7105
arizona,Saguaro,sagu,National Park,"Tucson, AZ",85730,(520) 733-5153
arizona,Sunset Crater Volcano,sucr,National Monument,"Flagstaff, AZ",86004,(928) 526-0502
arizona,Tonto,tont,National Monument,"Roosevelt, AZ",85545,(928) 467-2241
arizona,Tumacácori,tuma,National Historical Park,"Tumacacori, AZ",85640,(520) 377-5060
arizona,Tuzigoot,tuzi,National Monument,"Camp Verde, AZ",86322,(928) 634-5564
arizona,Walnut Canyon,waca,National Monument,"Flagstaff, AZ",86004,(928) 526-3367
arizona,Wupatki,wupa,National Monument,"Flagstaff, AZ",86004,9286792365 or 9288561705
arkansas,Arkansas Post,arpo,National Memorial,"Gillett, AR",72055,(870) 548-2207
arkansas,Buffalo,buff,National River,"Harrison, AR",72601,(870) 439-2502
arkansas,Fort Smith,fosm,National Historic Site,"Fort Smith, AR",72901,(479) 783-3961
arkansas,Hot Springs,hosp,National Park,"Hot Springs, AR",71901,(501) 620-6715
arkansas,Little Rock Central High School,chsc,National Historic Site,"Little Rock, AR",72202-5212,501.374.1957
arkansas,Pea Ridge,peri,National Military Park,"Garfield, AR",72732,479-451-8122
arkansas,President William Jefferson Clinton Birthplace Home,wicl,National Historic Site,"Hope, AR",71801,(870) 777-4455
arkansas,Trail Of Tears,trte,National Historic Trail,"Santa Fe, NM",87505,(505) 988-6098
california,Alcatraz Island,alca,,"San Francisco, CA",94123,(415) 561-4900
california,Cabrillo,cabr,National Monument,"San Diego, CA",92106,(619) 523-4285
california,California,cali,National Historic Trail,"Santa Fe, NM",87505,505-988-6098
california,Castle Mountains,camo,National Monument,"Barstow, CA",92311,(760) 252-6100
california,César E. Chávez,cech,National Monument,"Keene, CA",93531,(661) 823-6134
california,Channel Islands,chis,National Park,"Ventura, CA",93001,(805) 658-5730
california,Death Valley,deva,National Park,"Ventura, CA",93001,(760) 786-3200
california,Devils Postpile,depo,National Monument,"Mammoth Lakes, CA",93546,(760) 934-2289
california,Eugene O'Neill,euon,National Historic Site,"Danville, CA",94526,925-228-8860
california,Fort Point,fopo,National Historic Site,"San Francisco, CA",94123,(415) 561-4959
california,Golden Gate,goga,National Recreation Area,"San Francisco, CA",94123-0022,(415) 561-4700
california,John Muir,jomu,National Historic Site,"Martinez, CA",94553,(925) 228-8860
california,Joshua Tree,jotr,National Park,"Twentynine Palms, CA",92277-3597,(760) 367-5500
california,Juan Bautista de Anza,juba,National Historic Trail,"Richmond, CA",94804,(510) 232-5050
california,Lassen Volcanic,lavo,National Park,"Mineral, CA",96063,(530) 595-4480
california,Lava Beds,labe,National Monument,"Tulelake, CA",96134,(530) 667-8113
california,Manzanar,manz,National Historic Site,"Independence, CA",93526,(760)878-2194
california,Mojave,moja,National Preserve,"Barstow, CA",92311,(760) 252-6100
california,Muir Woods,muwo,National Monument,"Mill Valley, CA",94941,(415) 561-2850
california,Old Spanish,olsp,National Historic Trail,"Santa Fe, NM",87505,(505) 988-6098
california,Pinnacles,pinn,National Park,"Paicines, CA",95043,(831) 389-4486
california,Point Reyes,pore,National Seashore,"Point Reyes Station, CA",94956,415-464-5100
california,Pony Express,poex,National Historic Trail,"Santa Fe, NM",87505,505-988-6098
california,Port Chicago Naval Magazine,poch,National Memorial,"Martinez, CA",94553,(925) 228-8860
california,Presidio of San Francisco,prsf,,"San Francisco, CA",94123,(415) 561-4323
california,Redwood,redw,National and State Parks,"Crescent City, CA",95531,(707) 464-6101
california,Rosie the Riveter WWII Home Front,rori,National Historical Park,"Richmond, CA",94804,(510) 232-5050
california,San Francisco Maritime,safr,National Historical Park,"San Francisco, CA",94123,(415) 561-7000
california,Santa Monica Mountains,samo,National Recreation Area,"Calabasas, CA",91302,(805) 370-2301
california,Sequoia & Kings Canyon,seki,National Parks,"Three Rivers, CA",93271,(559) 565-3341
california,Tule Lake,tule,National Monument,"Tulelake, CA",96134,5302600537or5306678113
california,Whiskeytown,whis,National Recreation Area,"Whiskeytown, CA",96095,(530) 242-3400
california,Yosemite,yose,National Park,"Whiskeytown, CA",96095,209/372-0200
colorado,Bent's Old Fort,beol,National Historic Site,"La Junta, CO",81050,(719) 383-5010
colorado,Black Canyon Of The Gunnison,blca,National Park,"Gunnison, CO",81230,(970) 641-2337
colorado,California,cali,National Historic Trail,"Santa Fe, NM",87505,505-988-6098
colorado,Colorado,colm,National Monument,"Fruita, CO",81521,(970) 858-2800
colorado,Curecanti,cure,National Recreation Area,"Gunnison, CO",81230,(970) 641-2337
colorado,Dinosaur,dino,National Monument,"Dinosaur, CO",81610,(435) 781-7700
colorado,Florissant Fossil Beds,flfo,National Monument,"Florissant, CO",80816,(719) 748-3253
colorado,Great Sand Dunes,grsa,National Park & Preserve,"Mosca, CO",81146,(719) 378-6395
colorado,Hovenweep,hove,National Monument,"Cortez, CO",81321,(970) 562-4282
colorado,Mesa Verde,meve,National Park,"Mesa Verde National Park, CO",81330,970-529-4465
colorado,Old Spanish,olsp,National Historic Trail,"Santa Fe, NM",87505,(505) 988-6098
colorado,Pony Express,poex,National Historic Trail,"Santa Fe, NM",87505,505-988-6098
colorado,Rocky Mountain,romo,National Park,"Estes Park, CO",80517,(970) 586-1206
colorado,Sand Creek Massacre,sand,National Historic Site,"Eads, CO",81036-0249,(719) 438-5916
colorado,Santa Fe,safe,National Historic Trail,"Santa Fe, NM",87505,505-988-6098
colorado,Yucca House,yuho,National Monument,"Mesa Verde, CO",81330,(970) 529-4465
connecticut,Appalachian,appa,National Scenic Trail,"Harpers Ferry, WV",25425,(304) 535-6278
connecticut,Coltsville,colt,National Historical Park,"Springfield, MA",01105,(860) 500-6078
connecticut,New England,neen,National Scenic Trail,"Springfield, MA",01105,413-351-8182
connecticut,Washington-Rochambeau Revolutionary Route,waro,National Historic Trail,"King of Prussia, PA",19406,610-783-1006
connecticut,Weir Farm,wefa,National Historical Park,"Wilton, CT",06897,(203) 834-1896
delaware,Captain John Smith Chesapeake,cajo,National Historic Trail,"Yorktown, VA",23690,(757) 898-3400
delaware,Chesapeake Bay,cbpo,,"Annapolis, MD",21403,(410) 260-2470
delaware,First State,frst,National Historical Park,"New Castle, DE",19720,(302) 544-6363
delaware,Washington-Rochambeau Revolutionary Route,waro,National Historic Trail,"King of Prussia, PA",19406,610-783-1006
florida,Big Cypress,bicy,National Preserve,"Ochopee, FL",34141,(239) 695-2000
florida,Biscayne,bisc,National Park,"Homestead, FL",33033,(305) 230-1144
florida,Canaveral,cana,National Seashore,"Titusville, FL",32796,(321) 267-1110
florida,Castillo de San Marcos,casa,National Monument,"Saint Augustine, FL",32084,(904) 829-6506
florida,De Soto,deso,National Memorial,"Bradenton, FL",34209,(941) 792-0458
florida,Dry Tortugas,drto,National Park,"Homestead, FL",33034,(305) 242-7700
florida,Everglades,ever,National Park,"Homestead, FL",33034,(305) 242-7700
florida,Timucuan,foca,Ecological & Historic Preserve,"Jacksonville, FL",32225,904-641-7155
florida,Fort Matanzas,foma,National Monument,"Saint Augustine, FL",32080,(904) 471-0116
florida,Gulf Islands,guis,National Seashore,"Gulf Breeze, FL",32563,(850) 934-2600
florida,Timucuan,timu,Ecological & Historic Preserve,"Jacksonville, FL",32225,904-641-7155
georgia,Andersonville,ande,National Historic Site,"Andersonville, GA",31711,(229) 924-0343
georgia,Appalachian,appa,National Scenic Trail,"Harpers Ferry, WV",25425,(304) 535-6278
georgia,Chattahoochee River,chat,National Recreation Area,"Sandy Springs, GA",30350,678-538-1200
georgia,Chickamauga & Chattanooga,chch,National Military Park,"Fort Oglethorpe, GA",30742,706-866-9241
georgia,Cumberland Island,cuis,National Seashore,"St. Marys, GA",31558,(912) 882-4336
georgia,Fort Frederica,fofr,National Monument,"St. Simons Island, GA",31522,(912) 638-3639
georgia,Fort Pulaski,fopu,National Monument,"Savannah, GA",31410,(912) 786-5787
georgia,Jimmy Carter,jica,National Historical Park,"Plains, GA",31780,(229) 824 - 4104
georgia,Kennesaw Mountain,kemo,National Battlefield Park,"Kennesaw, GA",30152,770-427-4686
georgia,"Martin Luther King, Jr.",malu,National Historical Park,"Atlanta, GA",30312,(404) 331-5190
georgia,Ocmulgee Mounds,ocmu,National Historical Park,"Macon, GA",31217,(478) 752-8257
georgia,Trail Of Tears,trte,National Historic Trail,"Santa Fe, NM",87505,(505) 988-6098
guam,War In The Pacific,wapa,National Historical Park,"Hagatna, GU",96910,(671) 477-7278
hawaii,Ala Kahakai,alka,National Historic Trail,"Kailua-Kona, HI",96740,(808) 326-6012
hawaii,Haleakalā,hale,National Park,"Makawao, HI",96768,(808) 572-4400
hawaii,Hawai'i Volcanoes,havo,National Park,"Hawaii National Park, HI",96718,(808) 985-6011
hawaii,Honouliuli,hono,National Historic Site,"Honolulu, HI",96818,(808) 725-6149
hawaii,Kalaupapa,kala,National Historical Park,"Honolulu, HI",96818,(808) 567-6802
hawaii,Kaloko-Honokōhau,kaho,National Historical Park,"Kailua-Kona, HI",96740,(808) 329-6881
hawaii,Pearl Harbor,valr,National Memorial,"Honolulu, HI",96818,(808) 422-3399
hawaii,Pu`ukoholā Heiau,puhe,National Historic Site,"Kawaihae, HI",96743,(808) 882-7218
hawaii,Puʻuhonua o Hōnaunau,puho,National Historical Park,"Hōnaunau, HI",96726,(808) 328-2326
idaho,California,cali,National Historic Trail,"Santa Fe, NM",87505,505-988-6098
idaho,City Of Rocks,ciro,National Reserve,"Almo, ID",83312,208-824-5901
idaho,Craters Of The Moon,crmo,National Monument & Preserve,"Arco, ID",83213,(208) 527-1300
idaho,Hagerman Fossil Beds,hafo,National Monument,"Hagerman, ID",83332,(208) 933-4105
idaho,Ice Age Floods,iafl,National Geologic Trail,"Coulee Dam, WA",99116,(509) 237-9722
idaho,Lewis & Clark,lecl,National Historic Trail,"Omaha, NE",68102,(402) 661-1804
idaho,Minidoka,miin,National Historic Site,"Hagerman, ID",83332,208-825-4169
idaho,Nez Perce,nepe,National Historical Park,"Lapwai, ID",83540-9715,(208) 843-7001
idaho,Oregon,oreg,National Historic Trail,"Santa Fe, NM",87505,505-988-6098
idaho,Yellowstone,yell,National Park,"Yellowstone National Park, WY",82190-0168,307-344-7381
illinois,Lewis & Clark,lecl,National Historic Trail,"Omaha, NE",68102,(402) 661-1804
illinois,Lincoln Home,liho,National Historic Site,"Springfield, IL",62701,(217) 492-4241
illinois,Mormon Pioneer,mopi,National Historic Trail,"Santa Fe, NM",87505,505-988-6098
illinois,Pullman,pull,National Monument,"Chicago, IL",60628,773-468-9310
illinois,Trail Of Tears,trte,National Historic Trail,"Santa Fe, NM",87505,(505) 988-6098
indiana,George Rogers Clark,gero,National Historical Park,"Vincennes, IN",47591,(812) 882-1776
indiana,Indiana Dunes,indu,National Park,"Porter, IN",46304,(219) 395-1882
indiana,Lewis & Clark,lecl,National Historic Trail,"Omaha, NE",68102,(402) 661-1804
indiana,Lincoln Boyhood,libo,National Memorial,"Lincoln City, IN",47552,(812) 937-4541
iowa,Effigy Mounds,efmo,National Monument,"Harpers Ferry, IA",52146,(563) 873-3491
iowa,Herbert Hoover,heho,National Historic Site,"West Branch, IA",52358,(319) 643-2541
iowa,Lewis & Clark,lecl,National Historic Trail,"Omaha, NE",68102,(402) 661-1804
iowa,Mormon Pioneer,mopi,National Historic Trail,"Santa Fe, NM",87505,505-988-6098
kansas,Brown v. Board of Education,brvb,National Historic Site,"Topeka, KS",66612-1143,(785) 354-4273
kansas,California,cali,National Historic Trail,"Santa Fe, NM",87505,505-988-6098
kansas,Fort Larned,fols,National Historic Site,"Larned, KS",67550,620-285-6911
kansas,Fort Scott,fosc,National Historic Site,"Fort Scott, KS",66701,(620) 223-0310
kansas,Lewis & Clark,lecl,National Historic Trail,"Omaha, NE",68102,(402) 661-1804
kansas,Nicodemus,nico,National Historic Site,"Nicodemus, KS",67625-3015,(785) 839-4233
kansas,Oregon,oreg,National Historic Trail,"Santa Fe, NM",87505,505-988-6098
kansas,Pony Express,poex,National Historic Trail,"Santa Fe, NM",87505,505-988-6098
kansas,Santa Fe,safe,National Historic Trail,"Santa Fe, NM",87505,505-988-6098
kansas,Tallgrass Prairie,tapr,National Preserve,"Strong City, KS",66869,(620) 273-8494
kentucky,Abraham Lincoln Birthplace,abli,National Historical Park,"Hodgenville, KY",42748,(270) 358-3137
kentucky,Big South Fork,biso,National River & Recreation Area,"Oneida, TN",37841,(423) 569-9778
kentucky,Camp Nelson,cane,National Monument,"Nicholasville, KY",40356,(859) 881-5716
kentucky,Cumberland Gap,cuga,National Historical Park,"Middlesboro, KY",40965,(606) 248-2817
kentucky,Fort Donelson,fodo,National Battlefield,"Dover, TN",37058,931-232-5706
kentucky,Lewis & Clark,lecl,National Historic Trail,"Omaha, NE",68102,(402) 661-1804
kentucky,Mammoth Cave,maca,National Park,"Omaha, NE",68102,(270) 758-2180
kentucky,Mill Springs Battlefield,misp,National Monument,"Nancy, KY",42544,606-636-4045
kentucky,Trail Of Tears,trte,National Historic Trail,"Santa Fe, NM",87505,(505) 988-6098
louisiana,Cane River Creole,cari,National Historical Park,"Natchitoches, LA",71458,318-352-0383
louisiana,El Camino Real de los Tejas,elte,National Historic Trail,"Santa Fe, NM",87505,(505) 988-6098
louisiana,Jean Lafitte,jela,National Historical Park and Preserve,"New Orleans, LA",70130,(504) 589-3882
louisiana,New Orleans Jazz,jazz,National Historical Park,"New Orleans, LA",70116,(504) 589-4841
louisiana,Poverty Point,popo,National Monument,"Pioneer, LA",71266,(318) 926-5492
louisiana,Vicksburg,vick,National Military Park,"Vicksburg, MS",39183,(601) 636-0583
maine,Acadia,acad,National Park,"Bar Harbor, ME",04609,(207) 288-3338
maine,Appalachian,appa,National Scenic Trail,"Harpers Ferry, WV",25425,(304) 535-6278
maine,Katahdin Woods and Waters,kaww,National Monument,"Patten, ME",04765,207-456-6001
maine,Maine Acadian Culture,maac,,"Patten, ME",04765,(207) 728-6826
maine,Roosevelt Campobello,roca,International Park,"Patten, ME",04765,(506) 752-2922
maine,Saint Croix Island,sacr,International Historic Site,"Calais, ME",04619,(207) 454-3871
maryland,Antietam,anti,National Battlefield,"Sharpsburg, MD",21782,(301) 432-5124
maryland,Appalachian,appa,National Scenic Trail,"Harpers Ferry, WV",25425,(304) 535-6278
maryland,Assateague Island,asis,National Seashore,"Berlin, MD",21811,(410) 641-1441
maryland,Baltimore-Washington,bawa,Parkway,"Greenbelt, MD",20770,(301) 344-3948
maryland,Captain John Smith Chesapeake,cajo,National Historic Trail,"Yorktown, VA",23690,(757) 898-3400
maryland,Catoctin Mountain,cato,Park,"Thurmont, MD",21788,(301) 663-9388
maryland,Chesapeake & Ohio Canal,choh,National Historical Park,"Hagerstown, MD",21740,301-739-4200
maryland,Chesapeake Bay,cbpo,,"Annapolis, MD",21403,(410) 260-2470
maryland,Civil War Defenses of Washington,cwdw,,"Washington, DC",20008,202-829-2163
maryland,Clara Barton,clba,National Historic Site,"McLean, VA",22101,(301) 320-1400
maryland,Fort Foote,fofo,Park,"Fort Washington, MD",20744,(301) 763-4600
maryland,Fort McHenry,fomc,National Monument and Historic Shrine,"Baltimore, MD",21230,(410) 962-4290
maryland,Fort Washington,fowa,Park,"Fort Washington, MD",20744,(301) 763-4600
maryland,George Washington,gwmp,Memorial Parkway,"McLean, VA",22101,(703) 289-2500
maryland,Glen Echo,glec,Park,"Glen Echo, MD",20812,(301) 320-1400
maryland,Greenbelt,gree,Park,"Greenbelt, MD",20770,(301) 344-3948
maryland,Hampton,hamp,National Historic Site,"Towson, MD",21286,410.823.1309
maryland,Harmony Hall,haha,,"Fort Washington, MD",20744,(301) 763-4600
maryland,Harpers Ferry,hafe,National Historical Park,"Harpers Ferry, WV",25425,(304) 535-6029
maryland,Harriet Tubman Underground Railroad,hatu,National Historical Park,"Church Creek, MD",21622,410-221-2290
maryland,Monocacy,mono,National Battlefield,"Frederick, MD",21704,(301) 662-3515
maryland,Oxon Cove  Park & Oxon Hill Farm,oxhi,,"Oxon Hill, MD",20745,(301) 839-1176
maryland,Piscataway,pisc,Park,"Fort Washington, MD",20616,301-763-4600
maryland,Potomac Heritage,pohe,National Scenic Trail,"Washington, DC",20242,202-619-7154
maryland,Star-Spangled Banner,stsp,National Historic Trail,"Baltimore, MD",21230,410.962.4290
maryland,Thomas Stone,thst,National Historic Site,"Port Tobacco, MD",20677,804-224-1732
maryland,Washington-Rochambeau Revolutionary Route,waro,National Historic Trail,"King of Prussia, PA",19406,610-783-1006
massachusetts,Adams,adam,National Historical Park,"Quincy, MA",02169,617-770-1175
massachusetts,Appalachian,appa,National Scenic Trail,"Harpers Ferry, WV",25425,(304) 535-6278
massachusetts,Blackstone River Valley,blrv,National Historical Park,"Providence, RI",02903,401-521-7266
massachusetts,Boston,bost,National Historical Park,"Charlestown, MA",02129,(617) 242-5601
massachusetts,Boston African American,boaf,National Historic Site,"Boston, MA",02109,(617) 742-5415
massachusetts,Boston Harbor Islands,boha,National Recreation Area,"Boston, MA",02109,(617) 223-8666
massachusetts,Cape Cod,caco,National Seashore,"Wellfleet, MA",02667,(508) 255-3421
massachusetts,Frederick Law Olmsted,frla,National Historic Site,"Brookline, MA",02445,(617) 566-1689
massachusetts,John Fitzgerald Kennedy,jofi,National Historic Site,"Brookline, MA",02446,(617) 566-7937
massachusetts,Longfellow House Washington's Headquarters,long,National Historic Site,"Cambridge, MA",02138,(617) 876-4491
massachusetts,Lowell,lowe,National Historical Park,"Lowell, MA",01852,(978) 970-5000
massachusetts,Minute Man,mima,National Historical Park,"Concord, MA",01742,(978) 369-6993
massachusetts,New Bedford Whaling,nebe,National Historical Park,"New Bedford, MA",02740,508-996-4095
massachusetts,New England,neen,National Scenic Trail,"Springfield, MA",01105,413-351-8182
massachusetts,Salem Maritime,sama,National Historic Site,"Salem, MA",01970,978-740-1650
massachusetts,Saugus Iron Works,sair,National Historic Site,"Saugus, MA",01906,781-233-0050
massachusetts,Springfield Armory,spar,National Historic Site,"Springfield, MA",01105,(413) 734-8551
massachusetts,Washington-Rochambeau Revolutionary Route,waro,National Historic Trail,"King of Prussia, PA",19406,610-783-1006
michigan,Isle Royale,isro,National Park,"Houghton, MI",49931,(906) 482-0984
michigan,Keweenaw,kewe,National Historical Park,"Calumet, MI",49913,(906) 337-3168
michigan,North Country,noco,National Scenic Trail,"Lowell, MI",49331,(616) 319-7906
michigan,Pictured Rocks,piro,National Lakeshore,"Munising, MI",49862,(906) 387-3700
michigan,River Raisin,rira,National Battlefield Park,"Monroe, MI",48162,734 243 7136
michigan,Sleeping Bear Dunes,slbe,National Lakeshore,"Empire, MI",49630,(231) 326-4700
minnesota,Grand Portage,grpo,National Monument,"Grand Portage, MN",55605,(218) 475-0123
minnesota,Mississippi,miss,National River and Recreation Area,"Saint Paul, MN",55101,(651) 293-0200
minnesota,North Country,noco,National Scenic Trail,"Lowell, MI",49331,(616) 319-7906
minnesota,Pipestone,pipe,National Monument,"Pipestone, MN",56164,(507) 825-5464
minnesota,Saint Croix,sacn,National Scenic Riverway,"St. Croix Falls, WI",54024,(715) 483-2274
minnesota,Voyageurs,voya,National Park,"International Falls, MN",56649,(218)-283-6600
mississippi,Brices Cross Roads,brcr,National Battlefield Site,"Tupelo, MS",38804,18003057417
mississippi,Gulf Islands,guis,National Seashore,"Gulf Breeze, FL",32563,(850) 934-2600
mississippi,Medgar and Myrlie Evers Home,memy,National Monument,"Atlanta, GA",30303,601-345-7211
mississippi,Natchez,natc,National Historical Park,"Natchez, MS",39120,(601) 446-5790
mississippi,Natchez Trace,natr,Parkway,"Tupelo, MS",38804,(800) 305-7417
mississippi,Natchez Trace,natt,National Scenic Trail,"Tupelo, MS",38804,18003057417
mississippi,Shiloh,shil,National Military Park,"Shiloh, TN",38376,(731) 689-5696
mississippi,Tupelo,tupe,National Battlefield,"Tupelo, MS",38804,18003057417
mississippi,Vicksburg,vick,National Military Park,"Vicksburg, MS",39183,(601) 636-0583
missouri,California,cali,National Historic Trail,"Santa Fe, NM",87505,505-988-6098
missouri,Gateway Arch,jeff,National Park,"St. Louis, MO",63102,(314) 655-1600
missouri,George Washington Carver,gwca,National Monument,"Diamond, MO",64840,417.325.4151
missouri,Harry S Truman,hstr,National Historic Site,"Independence, MO",64050,(816) 254-2720
missouri,Lewis & Clark,lecl,National Historic Trail,"Omaha, NE",68102,(402) 661-1804
missouri,Oregon,oreg,National Historic Trail,"Santa Fe, NM",87505,505-988-6098
missouri,Ozark,ozar,National Scenic Riverways,"Van Buren, MO",63965,(573) 323-4236
missouri,Pony Express,poex,National Historic Trail,"Santa Fe, NM",87505,505-988-6098
missouri,Santa Fe,safe,National Historic Trail,"Santa Fe, NM",87505,505-988-6098
missouri,Ste. Geneviève,stge,National Historical Park,"Ste. Genevieve, MO",63670,573-880-7189
missouri,Trail Of Tears,trte,National Historic Trail,"Santa Fe, NM",87505,(505) 988-6098
missouri,Ulysses S Grant,ulsg,National Historic Site,"St. Louis, MO",63123,(314) 842-1867
missouri,Wilson's Creek,wicr,National Battlefield,"Republic, MO",65738,(417) 732-2662
montana,Big Hole,biho,National Battlefield,"Wisdom, MT",59761,(406) 689-3155
montana,Bighorn Canyon,bica,National Recreation Area,"Lovell, WY",82431,(307) 548-5406
montana,Fort Union Trading Post,fous,National Historic Site,"Williston, ND",58801,(701) 572-9083
montana,Glacier,glac,National Park,"West Glacier, MT",59936,(406) 888-7800
montana,Grant-Kohrs Ranch,grko,National Historic Site,"Deer Lodge, MT",59722,(406) 846-2070
montana,Ice Age Floods,iafl,National Geologic Trail,"Coulee Dam, WA",99116,(509) 237-9722
montana,Lewis & Clark,lecl,National Historic Trail,"Omaha, NE",68102,(402) 661-1804
montana,Little Bighorn Battlefield,libi,National Monument,"Crow Agency, MT",59022-0039,(406) 638-3216
montana,Nez Perce,nepe,National Historical Park,"Lapwai, ID",83540-9715,(208) 843-7001
montana,Yellowstone,yell,National Park,"Yellowstone National Park, WY",82190-0168,307-344-7381
nebraska,Agate Fossil Beds,agfo,National Monument,"Harrison, NE",69346,(308) 665-4113
nebraska,California,cali,National Historic Trail,"Santa Fe, NM",87505,505-988-6098
nebraska,Homestead,home,National Historical Park,"Beatrice, NE",68310,(402) 223-3514
nebraska,Lewis & Clark,lecl,National Historic Trail,"Omaha, NE",68102,(402) 661-1804
nebraska,Missouri,mnrr,National Recreational River,"Yankton, SD",57078,605-665-0209
nebraska,Mormon Pioneer,mopi,National Historic Trail,"Santa Fe, NM",87505,505-988-6098
nebraska,Niobrara,niob,National Scenic River,"Valentine, NE",69201,(402) 376-1901
nebraska,Oregon,oreg,National Historic Trail,"Santa Fe, NM",87505,505-988-6098
nebraska,Pony Express,poex,National Historic Trail,"Santa Fe, NM",87505,505-988-6098
nebraska,Scotts Bluff,scbl,National Monument,"Gering, NE",69341,(308) 436-9700
nevada,California,cali,National Historic Trail,"Santa Fe, NM",87505,505-988-6098
nevada,Death Valley,deva,National Park,"Santa Fe, NM",87505,(760) 786-3200
nevada,Great Basin,grba,National Park,"Baker, NV",89311,775-234-7331
nevada,Lake Mead,lake,National Recreation Area,"Boulder City, NV",89005,(702) 293-8990
nevada,Old Spanish,olsp,National Historic Trail,"Santa Fe, NM",87505,(505) 988-6098
nevada,Pony Express,poex,National Historic Trail,"Santa Fe, NM",87505,505-988-6098
nevada,Tule Springs Fossil Beds,tusk,National Monument,"Boulder City, NV",89005,(702) 293-8853
new hampshire,Appalachian,appa,National Scenic Trail,"Harpers Ferry, WV",25425,(304) 535-6278
new hampshire,Saint-Gaudens,saga,National Historical Park,"Cornish, NH",03745,603-675-2175
new jersey,Appalachian,appa,National Scenic Trail,"Harpers Ferry, WV",25425,(304) 535-6278
new jersey,Delaware Water Gap,dewa,National Recreation Area,"Bushkill, PA",18324,(570) 426-2452
new jersey,Ellis Island,elis,Part of Statue of Liberty National Monument,"Jersey City, NJ",07305,(212) 363-3200
new jersey,Gateway,gate,National Recreation Area,"Staten Island, NY",10305,(718) 354-4606
new jersey,Great Egg Harbor River,greg,,"Philadelphia, PA",19106,(215) 597-5823
new jersey,Lower Delaware,lode,National Wild and Scenic River,"Philadelphia, PA",19106,215-597-6482
new jersey,Morristown,morr,National Historical Park,"Morristown, NJ",07052,(973) 539-2016
new jersey,New Jersey Pinelands,pine,National Reserve,"New Lisbon, NJ",08064,(609) 894-7300
new jersey,Paterson Great Falls,pagr,National Historical Park,"Paterson, NJ",07501,(973) 523-0370
new jersey,Thomas Edison,edis,National Historical Park,"West Orange, NJ",07052,973-736-0550
new jersey,Washington-Rochambeau Revolutionary Route,waro,National Historic Trail,"King of Prussia, PA",19406,610-783-1006
new mexico,Aztec Ruins,azru,National Monument,"Aztec, NM",87410,(505) 334-6174
new mexico,Bandelier,band,National Monument,"Los Alamos, NM",87544,(505) 672-3861
new mexico,Capulin Volcano,cavo,National Monument,"Des Moines, NM",88418,(575) 278-2201
new mexico,Carlsbad Caverns,cave,National Park,"Carlsbad, NM",88220,(575) 785-2232
new mexico,Chaco Culture,chcu,National Historical Park,"Nageezi, NM",87037,(505) 786-7014
new mexico,El Camino Real de Tierra Adentro,elca,National Historic Trail,"Santa Fe, NM",87505,(505) 988-6098
new mexico,El Malpais,elma,National Monument,"Grants, NM",87020,(505) 876-2783
new mexico,El Morro,elmo,National Monument,"Ramah, NM",87321,(505) 783-4226
new mexico,Fort Union,foun,National Monument,"Watrous, NM",87753,(505) 425-8025
new mexico,Gila Cliff Dwellings,gicl,National Monument,"Mimbres, NM",88049,(575) 536-9461
new mexico,Manhattan Project,mapr,National Historical Park,"Denver, CO",80225-0287,(505) 661-6277
new mexico,Old Spanish,olsp,National Historic Trail,"Santa Fe, NM",87505,(505) 988-6098
new mexico,Pecos,peco,National Historical Park,"Pecos, NM",87552,(505) 757-7241
new mexico,Petroglyph,petr,National Monument,"Albuquerque, NM",87120,(505) 899-0205
new mexico,Salinas Pueblo Missions,sapu,National Monument,"Mountainair, NM",87036-0517,(505) 847-2585
new mexico,Santa Fe,safe,National Historic Trail,"Santa Fe, NM",87505,505-988-6098
new mexico,Valles Caldera,vall,National Preserve,"Jemez Springs, NM",87025,(575) 829-4100
new mexico,White Sands,whsa,National Park,"Holloman AFB, NM",88330,(575) 479-6124
new york,African Burial Ground,afbg,National Monument,"New York, NY",10005,(212) 238-4367
new york,Appalachian,appa,National Scenic Trail,"Harpers Ferry, WV",25425,(304) 535-6278
new york,Captain John Smith Chesapeake,cajo,National Historic Trail,"Yorktown, VA",23690,(757) 898-3400
new york,Castle Clinton,cacl,National Monument,"New York, NY",10005,(212) 344-7220
new york,Chesapeake Bay,cbpo,,"Annapolis, MD",21403,(410) 260-2470
new york,Eleanor Roosevelt,elro,National Historic Site,"Hyde Park, NY",12538,(845) 229-9422
new york,Ellis Island,elis,Part of Statue of Liberty National Monument,"Jersey City, NJ",07305,(212) 363-3200
new york,Federal Hall,feha,National Memorial,"New York, NY",10005,(212) 825-6990
new york,Fire Island,fiis,National Seashore,"Patchogue, NY",11772,631-687-4750
new york,Fort Stanwix,fost,National Monument,"Rome, NY",13440,315-338-7730
new york,Gateway,gate,National Recreation Area,"Staten Island, NY",10305,(718) 354-4606
new york,General Grant,gegr,National Memorial,"New York, NY",10027,(646) 670-7251
new york,Governors Island,gois,National Monument,"New York, NY",10004-1921,(212) 825-3054
new york,Hamilton Grange,hagr,National Memorial,"New York, NY",10031,(646) 548-2310
new york,Harriet Tubman,hart,National Historical Park,"Auburn, NY",13021-0769,315-882-8060
new york,Home Of Franklin D Roosevelt,hofr,National Historic Site,"Hyde Park, NY",12538,(845) 229-5320
new york,Lower East Side Tenement Museum,loea,National Historic Site,"New York, NY",10002,(877) 975-3786
new york,Martin Van Buren,mava,National Historic Site,"Kinderhook, NY",12106-3605,(518) 758-9689
new york,National Parks of New York Harbor,npnh,,"New York, NY",10007,(212) 668-5180
new york,North Country,noco,National Scenic Trail,"Lowell, MI",49331,(616) 319-7906
new york,Sagamore Hill,sahi,National Historic Site,"Oyster Bay, NY",11771,(516) 922-4788
new york,Saint Paul's Church,sapa,National Historic Site,"Mount Vernon, NY",10550,(914) 667-4116
new york,Saratoga,sara,National Historical Park,"Stillwater, NY",12170,(518) 670-2985
new york,Statue Of Liberty,stli,National Monument,"New York, NY",10004,(212) 363-3200
new york,Stonewall,ston,National Monument,"New York, NY",10005,212-668-2577
new york,Theodore Roosevelt Birthplace,thrb,National Historic Site,"New York, NY",10003,(212) 260-1616
new york,Theodore Roosevelt Inaugural,thri,National Historic Site,"Buffalo, NY",14202,(716) 884-0095
new york,Thomas Cole,thco,National Historic Site,"Catskill, NY",12414,518.943.7465
new york,Upper Delaware,upde,Scenic & Recreational River,"Beach Lake, PA",18405,(570) 685-4871
new york,Vanderbilt Mansion,vama,National Historic Site,"Hyde Park, NY",12538,(845) 229-7770
new york,Washington-Rochambeau Revolutionary Route,waro,National Historic Trail,"King of Prussia, PA",19406,610-783-1006
new york,Women's Rights,wori,National Historical Park,"Seneca Falls, NY",13148,(315) 568-0024
north carolina,Appalachian,appa,National Scenic Trail,"Harpers Ferry, WV",25425,(304) 535-6278
north carolina,Blue Ridge,blri,Parkway,"Asheville, NC",28803,(828) 348-3400
north carolina,Cape Hatteras,caha,National Seashore,"Manteo, NC",27954,(252) 473-2111
north carolina,Cape Lookout,calo,National Seashore,"Harkers Island, NC",28531,(252) 728-2250
north carolina,Carl Sandburg Home,carl,National Historic Site,"Flat Rock, NC",28731,(828) 693-4178
north carolina,Fort Raleigh,fora,National Historic Site,"Manteo, NC",27954,(252) 473-2111
north carolina,Great Smoky Mountains,grsm,National Park,"Gatlinburg, TN",37738,(865) 436-1200
north carolina,Guilford Courthouse,guco,National Military Park,"Greensboro, NC",27410,(336) 288-1776
north carolina,Moores Creek,mocr,National Battlefield,"Currie, NC",28435,(910) 283-5591
north carolina,Overmountain Victory,ovvi,National Historic Trail,"Gaffney, SC",29341,(864) 461-2828
north carolina,Trail Of Tears,trte,National Historic Trail,"Santa Fe, NM",87505,(505) 988-6098
north carolina,Wright Brothers,wrbr,National Memorial,"Manteo, NC",27954,(252) 473-2111
north dakota,Fort Union Trading Post,fous,National Historic Site,"Williston, ND",58801,(701) 572-9083
north dakota,Knife River Indian Villages,knri,National Historic Site,"Stanton, ND",58571,(701) 745-3300
north dakota,Lewis & Clark,lecl,National Historic Trail,"Omaha, NE",68102,(402) 661-1804
north dakota,North Country,noco,National Scenic Trail,"Lowell, MI",49331,(616) 319-7906
north dakota,Theodore Roosevelt,thro,National Park,"Medora, ND",58645,(701) 623-4466
northern mariana islands,American Memorial,amme,Park,"Saipan, MP",96950,(670) 234-7207
ohio,Charles Young Buffalo Soldiers,chyo,National Monument,"Wilberforce, OH",45384,(937) 352-6757
ohio,Cuyahoga Valley,cuva,National Park,"Brecksville, OH",44141,(440) 717-3890
ohio,Dayton Aviation Heritage,daav,National Historical Park,"Dayton, OH",45402,(937) 225-7705
ohio,First Ladies,fila,National Historic Site,"Canton, OH",44702-2107,(330) 452-0876
ohio,Hopewell Culture,hocu,National Historical Park,"Chillicothe, OH",45601,(740) 774-1126
ohio,James A Garfield,jaga,National Historic Site,"Mentor, OH",44060,(440) 255-8722
ohio,Lewis & Clark,lecl,National Historic Trail,"Omaha, NE",68102,(402) 661-1804
ohio,North Country,noco,National Scenic Trail,"Lowell, MI",49331,(616) 319-7906
ohio,Perry's Victory & International Peace,pevi,Memorial,"Put-in-Bay, OH",43456,(419) 285-2184
ohio,William Howard Taft,wiho,National Historic Site,"Cincinnati, OH",45219,(513) 684-3262
oklahoma,Chickasaw,chic,National Recreation Area,"Sulphur, OK",73086,(580) 622-7234
oklahoma,Fort Smith,fosm,National Historic Site,"Fort Smith, AR",72901,(479) 783-3961
oklahoma,Oklahoma City,okci,National Memorial,"Oklahoma City, OK",73102-0676,(405) 609-8859
oklahoma,Santa Fe,safe,National Historic Trail,"Santa Fe, NM",87505,505-988-6098
oklahoma,Trail Of Tears,trte,National Historic Trail,"Santa Fe, NM",87505,(505) 988-6098
oklahoma,Washita Battlefield,waba,National Historic Site,"Cheyenne, OK",73628,(580) 497-2742
oregon,California,cali,National Historic Trail,"Santa Fe, NM",87505,505-988-6098
oregon,Crater Lake,crla,National Park,"Crater Lake, OR",97604,(541) 594-3000
oregon,Fort Vancouver,fova,National Historic Site,"Vancouver, WA",98661,(360) 816-6230
oregon,Ice Age Floods,iafl,National Geologic Trail,"Coulee Dam, WA",99116,(509) 237-9722
oregon,John Day Fossil Beds,joda,National Monument,"Kimberly, OR",97848,(541) 987-2333
oregon,Lewis & Clark,lecl,National Historic Trail,"Omaha, NE",68102,(402) 661-1804
oregon,Lewis and Clark,lewi,National Historical Park,"Astoria, OR",97103,(503) 861-2471
oregon,Nez Perce,nepe,National Historical Park,"Lapwai, ID",83540-9715,(208) 843-7001
oregon,Oregon,oreg,National Historic Trail,"Santa Fe, NM",87505,505-988-6098
oregon,Oregon Caves,orca,National Monument & Preserve,"Cave Junction, OR",97523,(541) 592-2100
pennsylvania,Allegheny Portage Railroad,alpo,National Historic Site,"Gallitzin, PA",16641,(814) 886-6150
pennsylvania,Appalachian,appa,National Scenic Trail,"Harpers Ferry, WV",25425,(304) 535-6278
pennsylvania,Captain John Smith Chesapeake,cajo,National Historic Trail,"Yorktown, VA",23690,(757) 898-3400
pennsylvania,Chesapeake Bay,cbpo,,"Annapolis, MD",21403,(410) 260-2470
pennsylvania,Delaware Water Gap,dewa,National Recreation Area,"Bushkill, PA",18324,(570) 426-2452
pennsylvania,Edgar Allan Poe,edal,National Historic Site,"Philadelphia, PA",19106,215-965-2305
pennsylvania,Eisenhower,eise,National Historic Site,"Gettysburg, PA",17325,(717) 338-9114
pennsylvania,First State,frst,National Historical Park,"New Castle, DE",19720,(302) 544-6363
pennsylvania,Flight 93,flni,National Memorial,"Shanksville, PA",15560,(814) 893-6322
pennsylvania,Fort Necessity,fone,National Battlefield,"Farmington, PA",15437,(724) 329-5512
pennsylvania,Friendship Hill,frhi,National Historic Site,"Farmington, PA",15437,(724) 329-2501
pennsylvania,Gettysburg,gett,National Military Park,"Gettysburg, PA",17325,(717) 334-1124
pennsylvania,Gloria Dei Church,glde,National Historic Site,"Philadelphia, PA",19106,215-389-1513
pennsylvania,Hopewell Furnace,hofu,National Historic Site,"Elverson, PA",19520,(610) 582-8773
pennsylvania,Independence,inde,National Historical Park,"Philadelphia, PA",19106,215-965-2305
pennsylvania,Johnstown Flood,jofl,National Memorial,"South Fork, PA",15956,(814) 886-6171
pennsylvania,Lewis & Clark,lecl,National Historic Trail,"Omaha, NE",68102,(402) 661-1804
pennsylvania,Lower Delaware,lode,National Wild and Scenic River,"Philadelphia, PA",19106,215-597-6482
pennsylvania,North Country,noco,National Scenic Trail,"Lowell, MI",49331,(616) 319-7906
pennsylvania,Potomac Heritage,pohe,National Scenic Trail,"Washington, DC",20242,202-619-7154
pennsylvania,Steamtown,stea,National Historic Site,"Scranton, PA",18503-2018,570-340-5200
pennsylvania,Thaddeus Kosciuszko,thko,National Memorial,"Philadelphia, PA",19106,(215) 965-2305
pennsylvania,Upper Delaware,upde,Scenic & Recreational River,"Beach Lake, PA",18405,(570) 685-4871
pennsylvania,Valley Forge,vafo,National Historical Park,"King of Prussia, PA",19406,(610) 783-1000
pennsylvania,Washington-Rochambeau Revolutionary Route,waro,National Historic Trail,"King of Prussia, PA",19406,610-783-1006
puerto rico,San Juan,saju,National Historic Site,"San Juan, PR",00901,(787) 729-6777
rhode island,Blackstone River Valley,blrv,National Historical Park,"Providence, RI",02903,401-521-7266
rhode island,Roger Williams,rowi,National Memorial,"Providence, RI",02903,401-521-7266
rhode island,Touro Synagogue,tosy,National Historic Site,"Newport, RI",02840,(401) 847-4794
rhode island,Washington-Rochambeau Revolutionary Route,waro,National Historic Trail,"King of Prussia, PA",19406,610-783-1006
south carolina,Charles Pinckney,chpi,National Historic Site,"Sullivan's Island, SC",29482,(843) 881-5516
south carolina,Congaree,cong,National Park,"Hopkins, SC",29061,(803) 776-4396
south carolina,Cowpens,cowp,National Battlefield,"Gaffney, SC",29341,(864) 461-2828
south carolina,Fort Sumter and Fort Moultrie,fosu,National Historical Park,"Sullivan's Island, SC",29482,(843) 883-3123
south carolina,Kings Mountain,kimo,National Military Park,"Blacksburg, SC",29702,(864) 936-7921
south carolina,Ninety Six,nisi,National Historic Site,"Ninety Six, SC",29666,(864) 543-4068
south carolina,Overmountain Victory,ovvi,National Historic Trail,"Gaffney, SC",29341,(864) 461-2828
south carolina,Reconstruction Era,reer,National Historical Park,"Beaufort, SC",29902,(843) 962-0039
south dakota,Badlands,badl,National Park,"Interior, SD",57750,(605) 433-5361
south dakota,Jewel Cave,jeca,National Monument,"Custer, SD",57730,(605) 673-8300
south dakota,Lewis & Clark,lecl,National Historic Trail,"Omaha, NE",68102,(402) 661-1804
south dakota,Minuteman Missile,mimi,National Historic Site,"Philip, SD",57567,(605) 433-5552
south dakota,Missouri,mnrr,National Recreational River,"Yankton, SD",57078,605-665-0209
south dakota,Mount Rushmore,moru,National Memorial,"Keystone, SD",57751,(605) 574-2523
south dakota,Wind Cave,wica,National Park,"Hot Springs, SD",57747,(605) 745-4600
tennessee,Andrew Johnson,anjo,National Historic Site,"Greeneville, TN",37743,(423) 638-3551
tennessee,Appalachian,appa,National Scenic Trail,"Harpers Ferry, WV",25425,(304) 535-6278
tennessee,Big South Fork,biso,National River & Recreation Area,"Oneida, TN",37841,(423) 569-9778
tennessee,Chickamauga & Chattanooga,chch,National Military Park,"Fort Oglethorpe, GA",30742,706-866-9241
tennessee,Cumberland Gap,cuga,National Historical Park,"Middlesboro, KY",40965,(606) 248-2817
tennessee,Fort Donelson,fodo,National Battlefield,"Dover, TN",37058,931-232-5706
tennessee,Great Smoky Mountains,grsm,National Park,"Gatlinburg, TN",37738,(865) 436-1200
tennessee,Manhattan Project,mapr,National Historical Park,"Denver, CO",80225-0287,(505) 661-6277
tennessee,Natchez Trace,natr,Parkway,"Tupelo, MS",38804,(800) 305-7417
tennessee,Natchez Trace,natt,National Scenic Trail,"Tupelo, MS",38804,18003057417
tennessee,Obed,obed,Wild & Scenic River,"Wartburg, TN",37887,(423) 346-6294
tennessee,Overmountain Victory,ovvi,National Historic Trail,"Gaffney, SC",29341,(864) 461-2828
tennessee,Shiloh,shil,National Military Park,"Shiloh, TN",38376,(731) 689-5696
tennessee,Stones River,stri,National Battlefield,"Murfreesboro, TN",37129,615-893-9501
tennessee,Trail Of Tears,trte,National Historic Trail,"Santa Fe, NM",87505,(505) 988-6098
texas,Alibates Flint Quarries,alfl,National Monument,"Fritch, TX",79036,(806) 857-6680
texas,Amistad,amis,National Recreation Area,"Del Rio, TX",78840,(830)775-7491
texas,Big Bend,bibe,National Park,"Big Bend National Park, TX",79834-0129,432-477-2251
texas,Big Thicket,bith,National Preserve,"Kountze, TX",77625,409-951-6700
texas,Chamizal,cham,National Memorial,"El Paso, TX",79905,915-532-7273
texas,El Camino Real de los Tejas,elte,National Historic Trail,"Santa Fe, NM",87505,(505) 988-6098
texas,El Camino Real de Tierra Adentro,elca,National Historic Trail,"Santa Fe, NM",87505,(505) 988-6098
texas,Fort Davis,foda,National Historic Site,"Fort Davis, TX",79734,(432) 426-3224
texas,Guadalupe Mountains,gumo,National Park,"Salt Flat, TX",79847,915-828-3251
texas,Lake Meredith,lamr,National Recreation Area,"Fritch, TX",79036,(806) 857-3151
texas,Lyndon B Johnson,lyjo,National Historical Park,"Johnson City, TX",78636,(830) 868-7128
texas,Padre Island,pais,National Seashore,"Corpus Christi, TX",78480,(361) 949-8068
texas,Palo Alto Battlefield,paal,National Historical Park,"Brownsville, TX",78520,(956) 541-2785
texas,Rio Grande,rigr,Wild & Scenic River,"Big Bend National Park, TX",79834,(432) 477-2251
texas,San Antonio Missions,saan,National Historical Park,"San Antonio, TX",78210,(210) 932-1001
texas,Waco Mammoth,waco,National Monument,"Waco, TX",76708,(254) 750-7946
utah,Arches,arch,National Park,"Moab, UT",84532,(435) 719-2299
utah,Bryce Canyon,brca,National Park,"Bryce, UT",84764,(435) 834-5322
utah,California,cali,National Historic Trail,"Santa Fe, NM",87505,505-988-6098
utah,Canyonlands,cany,National Park,"Moab, UT",84532,435-719-2313
utah,Capitol Reef,care,National Park,"Torrey, UT",84775,435-425-3791
utah,Cedar Breaks,cebr,National Monument,"Cedar City, UT",84720,(435) 986-7120
utah,Dinosaur,dino,National Monument,"Dinosaur, CO",81610,(435) 781-7700
utah,Glen Canyon,glca,National Recreation Area,"Page, AZ",86040,(928) 608-6200
utah,Golden Spike,gosp,National Historical Park,"Brigham City, UT",84302,(435) 471-2209
utah,Hovenweep,hove,National Monument,"Cortez, CO",81321,(970) 562-4282
utah,Mormon Pioneer,mopi,National Historic Trail,"Santa Fe, NM",87505,505-988-6098
utah,Natural Bridges,nabr,National Monument,"Lake Powell, UT",84533-0001,(435) 692-1234
utah,Old Spanish,olsp,National Historic Trail,"Santa Fe, NM",87505,(505) 988-6098
utah,Pony Express,poex,National Historic Trail,"Santa Fe, NM",87505,505-988-6098
utah,Rainbow Bridge,rabr,National Monument,"Page, AZ",86040,(928) 608-6200
utah,Timpanogos Cave,tica,National Monument,"American Fork, UT",84003,(801)756-5239
utah,Zion,zion,National Park,"Springdale, UT",84767,435-772-3256
vermont,Appalachian,appa,National Scenic Trail,"Harpers Ferry, WV",25425,(304) 535-6278
vermont,Marsh - Billings - Rockefeller,mabi,National Historical Park,"Woodstock, VT",05091,(802) 457-3368
vermont,North Country,noco,National Scenic Trail,"Lowell, MI",49331,(616) 319-7906
virgin islands,Buck Island Reef,buis,National Monument,"Christiansted, St. Croix, VI",00820,(340) 773.1460
virgin islands,Christiansted,chri,National Historic Site,"Christiansted, VI",00820,(340) 773.1460
virgin islands,Salt River Bay,sari,National Historical Park and Ecological Preserve,"Christiansted, VI",00820,(340) 773.1460
virgin islands,Virgin Islands,viis,National Park,"St. John, VI",00830,(340) 776-6201
virgin islands,Virgin Islands Coral Reef,vicr,National Monument,"St. John, VI",00830,(340) 776-6201
virginia,Appalachian,appa,National Scenic Trail,"Harpers Ferry, WV",25425,(304) 535-6278
virginia,Appomattox Court House,apco,National Historical Park,"Appomattox, VA",24522,(434) 352-8987
virginia,"Arlington House, The Robert  E. Lee Memorial",arho,,"McLean, VA",22101,(703) 235-1530
virginia,Assateague Island,asis,National Seashore,"Berlin, MD",21811,(410) 641-1441
virginia,Blue Ridge,blri,Parkway,"Asheville, NC",28803,(828) 348-3400
virginia,Booker T Washington,bowa,National Monument,"Hardy, VA",24101,(540) 721-2094
virginia,Cape Henry Memorial,came,Part of Colonial National Historical Park,"Yorktown, VA",23690,(757) 898-2410
virginia,Captain John Smith Chesapeake,cajo,National Historic Trail,"Yorktown, VA",23690,(757) 898-3400
virginia,Cedar Creek & Belle Grove,cebe,National Historical Park,"Middletown, VA",22645,540-869-3051
virginia,Chesapeake Bay,cbpo,,"Annapolis, MD",21403,(410) 260-2470
virginia,Civil War Defenses of Washington,cwdw,,"Washington, DC",20008,202-829-2163
virginia,Colonial,colo,National Historical Park,"Yorktown, VA",23690,(757) 898-3400
virginia,Cumberland Gap,cuga,National Historical Park,"Middlesboro, KY",40965,(606) 248-2817
virginia,Fort Monroe,fomr,National Monument,"Fort Monroe, VA",23651-1001,757-722-FORT (3678)
virginia,Fredericksburg & Spotsylvania,frsp,National Military Park,"Fredericksburg, VA",22405,(540) 693-3200
virginia,George Washington,gwmp,Memorial Parkway,"McLean, VA",22101,(703) 289-2500
virginia,George Washington Birthplace,gewa,National Monument,"Colonial Beach, VA",22443,(804) 224-1732
virginia,Great Falls,grfa,Park,"McLean, VA",22101,(703) 757-3101
virginia,Green Springs,grsp,,"Multiple Privately Owned Properties, VA",23093,(540) 693-3200
virginia,Harpers Ferry,hafe,National Historical Park,"Harpers Ferry, WV",25425,(304) 535-6029
virginia,Historic Jamestowne,jame,Part of Colonial National Historical Park,"Yorktown, VA",23690,757-898-3400
virginia,Maggie L Walker,mawa,National Historic Site,"Richmond, VA",23223,(804) 771-2017
virginia,Manassas,mana,National Battlefield Park,"Manassas, VA",20109,(703) 361-1339
virginia,Overmountain Victory,ovvi,National Historic Trail,"Gaffney, SC",29341,(864) 461-2828
virginia,Petersburg,pete,National Battlefield,"Petersburg, VA",23803,(804) 732-3531
virginia,Potomac Heritage,pohe,National Scenic Trail,"Washington, DC",20242,202-619-7154
virginia,Prince William Forest,prwi,Park,"Triangle, VA",22172,(703) 221-7181
virginia,Richmond,rich,National Battlefield Park,"Richmond, VA",23223,(804) 226-1981
virginia,Shenandoah,shen,National Park,"Luray, VA",22835,(540) 999-3500
virginia,Star-Spangled Banner,stsp,National Historic Trail,"Baltimore, MD",21230,410.962.4290
virginia,Washington-Rochambeau Revolutionary Route,waro,National Historic Trail,"King of Prussia, PA",19406,610-783-1006
virginia,Wolf Trap National Park for the Performing Arts,wotr,,"Vienna, VA",22182-1643,(703) 255-1800
virginia,Yorktown Battlefield,york,Part of Colonial National Historical Park,"Yorktown, VA",23690,(757) 898-2410
washington,Ebey's Landing,ebla,National Historical Reserve,"Coupeville, WA",98239,(360) 678-6084
washington,Fort Vancouver,fova,National Historic Site,"Vancouver, WA",98661,(360) 816-6230
washington,Ice Age Floods,iafl,National Geologic Trail,"Coulee Dam, WA",99116,(509) 237-9722
washington,Klondike Gold Rush - Seattle Unit,klse,National Historical Park,"Seattle, WA",98104,(206) 220-4240
washington,Lake Roosevelt,laro,National Recreation Area,"Coulee Dam, WA",99116,509-754-7800
washington,Lewis & Clark,lecl,National Historic Trail,"Omaha, NE",68102,(402) 661-1804
washington,Lewis and Clark,lewi,National Historical Park,"Astoria, OR",97103,(503) 861-2471
washington,Manhattan Project,mapr,National Historical Park,"Denver, CO",80225-0287,(505) 661-6277
washington,Minidoka,miin,National Historic Site,"Hagerman, ID",83332,208-825-4169
washington,Monte Rainier,es-es,Parque nacional,"Ashford, WA",98304,(360) 569-2211
washington,Mount Rainier,mora,National Park,"Ashford, WA",98304,(360) 569-2211
washington,Nez Perce,nepe,National Historical Park,"Lapwai, ID",83540-9715,(208) 843-7001
washington,North Cascades,noca,National Park,"Sedro-Woolley, WA",98284,(360) 854-7200
washington,Olympic,olym,National Park,"Port Angeles, WA",98362,(360) 565-3130
washington,Oregon,oreg,National Historic Trail,"Santa Fe, NM",87505,505-988-6098
washington,San Juan Island,sajh,National Historical Park,"Friday Harbor, WA",98250,(360) 378-2240
washington,Whitman Mission,whmi,National Historic Site,"Walla Walla, WA",99362,(509) 522-6360
washington,Wing Luke Museum,wing,Affiliated Area,"Seattle, WA",98104,206.623.5124
west virginia,Appalachian,appa,National Scenic Trail,"Harpers Ferry, WV",25425,(304) 535-6278
west virginia,Bluestone,blue,National Scenic River,"Glen Jean, WV",25846,(304) 465-0508
west virginia,Chesapeake & Ohio Canal,choh,National Historical Park,"Hagerstown, MD",21740,301-739-4200
west virginia,Chesapeake Bay,cbpo,,"Annapolis, MD",21403,(410) 260-2470
west virginia,Gauley River,gari,National Recreation Area,"Glen Jean, WV",25846-0246,(304) 465-0508
west virginia,Harpers Ferry,hafe,National Historical Park,"Harpers Ferry, WV",25425,(304) 535-6029
west virginia,Lewis & Clark,lecl,National Historic Trail,"Omaha, NE",68102,(402) 661-1804
west virginia,New River Gorge,neri,National Park and Preserve,"Glen Jean, WV",25846,(304) 465-0508
wisconsin,Apostle Islands,apis,National Lakeshore,"Bayfield, WI",54814,(715) 779-3397
wisconsin,Ice Age,iatr,National Scenic Trail,"Cross Plains, WI",53528,608-798-8700
wisconsin,North Country,noco,National Scenic Trail,"Lowell, MI",49331,(616) 319-7906
wisconsin,Saint Croix,sacn,National Scenic Riverway,"St. Croix Falls, WI",54024,(715) 483-2274
wyoming,Bighorn Canyon,bica,National Recreation Area,"Lovell, WY",82431,(307) 548-5406
wyoming,California,cali,National Historic Trail,"Santa Fe, NM",87505,505-988-6098
wyoming,Devils Tower,deto,National Monument,"Devils Tower, WY",82714,(307) 467-5283
wyoming,Fort Laramie,fola,National Historic Site,"Fort Laramie, WY",82212,(307) 837-2221
wyoming,Fossil Butte,fobu,National Monument,"Kemmerer, WY",83101,(307) 877-4455
wyoming,Grand Teton,grte,National Park,"Moose, WY",83012,307-739-3399
wyoming,Mormon Pioneer,mopi,National Historic Trail,"Santa Fe, NM",87505,505-988-6098
wyoming,Oregon,oreg,National Historic Trail,"Santa Fe, NM",87505,505-988-6098
wyoming,Pony Express,poex,National Historic Trail,"Santa Fe, NM",87505,505-988-6098
wyoming,Yellowstone,yell,National Park,"Yellowstone National Park, WY",82190-0168,307-344-7381
